sub_category,main_category
پد و دستمال نظافت خودرو,ابزارآلات و تجهیزات خودرو
سوهان سنباده و سنبه,ابزارآلات و تجهیزات خودرو
کمپرسور باد,ابزارآلات و تجهیزات خودرو
جلوبندی و تعلیق خودرو,ابزارآلات و تجهیزات خودرو
سمپاش,ابزارآلات و تجهیزات خودرو
لنت ترمز موتور سیکلت,ابزارآلات و تجهیزات خودرو
لنت ترمز خودرو,ابزارآلات و تجهیزات خودرو
سایر لوازم جانبی موتور,ابزارآلات و تجهیزات خودرو
پوشش کف و سقف,ابزارآلات و تجهیزات خودرو
ضد یخ و آب رادیاتور,ابزارآلات و تجهیزات خودرو
خوشبو کننده و تصفیه هوای خودرو,ابزارآلات و تجهیزات خودرو
قفل,ابزارآلات و تجهیزات خودرو
شیشه بالابر خودرو,ابزارآلات و تجهیزات خودرو
لاستیک موتور,ابزارآلات و تجهیزات خودرو
تسمه تایم و هرزگرد,ابزارآلات و تجهیزات خودرو
کاتر,ابزارآلات و تجهیزات خودرو
کمک فنر,ابزارآلات و تجهیزات خودرو
بلبرینگ و کاسه نمد,ابزارآلات و تجهیزات خودرو
تلمبه,ابزارآلات و تجهیزات خودرو
فیلتر خودرو,ابزارآلات و تجهیزات خودرو
عینک و کلاه ایمنی,ابزارآلات و تجهیزات خودرو
پلوس سرپلوس و مشعلی,ابزارآلات و تجهیزات خودرو
میل لنگ و میل سوپاپ,ابزارآلات و تجهیزات خودرو
ردیاب خودرو,ابزارآلات و تجهیزات خودرو
اگزوز موتور,ابزارآلات و تجهیزات خودرو
جاسوئیچی,ابزارآلات و تجهیزات خودرو
سشوار صنعتی,ابزارآلات و تجهیزات خودرو
دستگیره درب و کمد,ابزارآلات و تجهیزات خودرو
کپسول آتش نشانی,ابزارآلات و تجهیزات خودرو
آچار,ابزارآلات و تجهیزات خودرو
علف زن و چمن زن,ابزارآلات و تجهیزات خودرو
قطعات الکترونیکی,ابزارآلات و تجهیزات خودرو
کاپوت و گلگیر,ابزارآلات و تجهیزات خودرو
تجهیزات کارگاهی,ابزارآلات و تجهیزات خودرو
باک موتور,ابزارآلات و تجهیزات خودرو
درب ورودی,ابزارآلات و تجهیزات خودرو
بست و واشر,ابزارآلات و تجهیزات خودرو
لامپ و چراغ موتور سیکلت,ابزارآلات و تجهیزات خودرو
مصالح ساختمانی,ابزارآلات و تجهیزات خودرو
رینگ و قالپاق خودرو,ابزارآلات و تجهیزات خودرو
نظم دهنده خودرو,ابزارآلات و تجهیزات خودرو
لباس کار,ابزارآلات و تجهیزات خودرو
کفش ایمنی,ابزارآلات و تجهیزات خودرو
روکش داشبورد و فرمان,ابزارآلات و تجهیزات خودرو
ملزومات باربری موتور,ابزارآلات و تجهیزات خودرو
موتور سیکلت برقی,ابزارآلات و تجهیزات خودرو
اتو لوله,ابزارآلات و تجهیزات خودرو
بکس و آچار ضربه ای,ابزارآلات و تجهیزات خودرو
انبر,ابزارآلات و تجهیزات خودرو
پمپ آب و کولر,ابزارآلات و تجهیزات خودرو
دستگاه مکنده و دمنده,ابزارآلات و تجهیزات خودرو
لوازم آبیاری,ابزارآلات و تجهیزات خودرو
نردبان,ابزارآلات و تجهیزات خودرو
لوازم تزئینی باغبانی,ابزارآلات و تجهیزات خودرو
کاربراتور موتور سیکلت,ابزارآلات و تجهیزات خودرو
ابزار اندازه گیری دستی,ابزارآلات و تجهیزات خودرو
قفل خودرو,ابزارآلات و تجهیزات خودرو
لوازم زنبورداری,ابزارآلات و تجهیزات خودرو
گیره و پیچ دستی,ابزارآلات و تجهیزات خودرو
دزدگیر خودرو,ابزارآلات و تجهیزات خودرو
چک خودرو,ابزارآلات و تجهیزات خودرو
سایر لوازم خودرو,ابزارآلات و تجهیزات خودرو
صفحه کلاچ موتور,ابزارآلات و تجهیزات خودرو
میخ,ابزارآلات و تجهیزات خودرو
سرسیلندر و واشر سرسیلندر,ابزارآلات و تجهیزات خودرو
سیم کلاچ و ترمز خودرو,ابزارآلات و تجهیزات خودرو
کوئل شمع و وایر شمع,ابزارآلات و تجهیزات خودرو
پیچ و مهره,ابزارآلات و تجهیزات خودرو
کفشور,ابزارآلات و تجهیزات خودرو
دستکش کار,ابزارآلات و تجهیزات خودرو
تجهیزات باربری,ابزارآلات و تجهیزات خودرو
اره برقی و موتوری,ابزارآلات و تجهیزات خودرو
پیچ گوشتی برقی و شارژی,ابزارآلات و تجهیزات خودرو
شمع موتور سیکلت,ابزارآلات و تجهیزات خودرو
کارواش,ابزارآلات و تجهیزات خودرو
دستگاه چسب,ابزارآلات و تجهیزات خودرو
ابزار اندازه گیری دیجیتال,ابزارآلات و تجهیزات خودرو
پیچ گوشتی و فازمتر,ابزارآلات و تجهیزات خودرو
پوستر و کاغذ دیواری,ابزارآلات و تجهیزات خودرو
سپر و بال خودرو,ابزارآلات و تجهیزات خودرو
واکس و پولیش خودرو,ابزارآلات و تجهیزات خودرو
لامپ و چراغ خودرو,ابزارآلات و تجهیزات خودرو
استپر موتور خودرو,ابزارآلات و تجهیزات خودرو
موتور برق,ابزارآلات و تجهیزات خودرو
دریل و مته,ابزارآلات و تجهیزات خودرو
لولا و آرام بند,ابزارآلات و تجهیزات خودرو
شعله افکن,ابزارآلات و تجهیزات خودرو
تیغه برف پاک کن,ابزارآلات و تجهیزات خودرو
قیچی چاقو و ابزار باغبانی,ابزارآلات و تجهیزات خودرو
رنگ و اسپری ساختمان,ابزارآلات و تجهیزات خودرو
تبر بیل و کلنگ,ابزارآلات و تجهیزات خودرو
زنجیر چرخ,ابزارآلات و تجهیزات خودرو
تجهیزات راحتی خودرو,ابزارآلات و تجهیزات خودرو
اره,ابزارآلات و تجهیزات خودرو
دستگاه جوش,ابزارآلات و تجهیزات خودرو
مکمل سوخت خودرو,ابزارآلات و تجهیزات خودرو
منگنه کوب و میخ کوب,ابزارآلات و تجهیزات خودرو
لوله و اتصالات,ابزارآلات و تجهیزات خودرو
فن و رادیاتور خودرو,ابزارآلات و تجهیزات خودرو
ابزار نقاشی ساختمان,ابزارآلات و تجهیزات خودرو
سر اگزوز,ابزارآلات و تجهیزات خودرو
باتری موتور سیکلت,ابزارآلات و تجهیزات خودرو
پمپ و باک خودرو,ابزارآلات و تجهیزات خودرو
صوتی تصویری خودرو,ابزارآلات و تجهیزات خودرو
چکش و تیشه,ابزارآلات و تجهیزات خودرو
فرز و پروفیل بر,ابزارآلات و تجهیزات خودرو
تجهیزات بیرونی خودرو,ابزارآلات و تجهیزات خودرو
کیلومتر موتور,ابزارآلات و تجهیزات خودرو
گاوصندوق,ابزارآلات و تجهیزات خودرو
روغن خودرو,ابزارآلات و تجهیزات خودرو
لوازم روانکاری,ابزارآلات و تجهیزات خودرو
ست ابزار,ابزارآلات و تجهیزات خودرو
هویه و لحیم,ابزارآلات و تجهیزات خودرو
شلنگ,ابزارآلات و تجهیزات خودرو
ابزار جوشکاری,ابزارآلات و تجهیزات خودرو
حسگر و سنسور خودرو,ابزارآلات و تجهیزات خودرو
باتری دینام و استارت,ابزارآلات و تجهیزات خودرو
بوش و پیستون,ابزارآلات و تجهیزات خودرو
دیسک و صفحه خودرو,ابزارآلات و تجهیزات خودرو
لاستیک خودرو,ابزارآلات و تجهیزات خودرو
آینه خودرو,ابزارآلات و تجهیزات خودرو
چسب صنعتی و حلال چسب,ابزارآلات و تجهیزات خودرو
تجهیزات ایمنی موتورسواری,ابزارآلات و تجهیزات خودرو
شیر آلات,ابزارآلات و تجهیزات خودرو
جعبه و کیف ابزار,ابزارآلات و تجهیزات خودرو
روکش صندلی خودرو,ابزارآلات و تجهیزات خودرو
فرغون,ابزارآلات و تجهیزات خودرو
سایر لوازم یدکی موتورسیکلت,ابزارآلات و تجهیزات خودرو
کفپوش خودرو,ابزارآلات و تجهیزات خودرو
رادیاتور,ابزارآلات و تجهیزات خودرو
جلو پنجره و قاب پلاک,ابزارآلات و تجهیزات خودرو
آرایش ابرو,آرایشی و بهداشتی
ماسک صورت,آرایشی و بهداشتی
ابزار تتو,آرایشی و بهداشتی
خمیر دندان,آرایشی و بهداشتی
کرم دست، صورت و بدن,آرایشی و بهداشتی
لوازم کاشت و تقویت ناخن,آرایشی و بهداشتی
شوینده بدن و مو,آرایشی و بهداشتی
مداد و سایه ابرو,آرایشی و بهداشتی
حالت دهنده مو,آرایشی و بهداشتی
سشوار,آرایشی و بهداشتی
لاک پاک کن,آرایشی و بهداشتی
لنز چشم,آرایشی و بهداشتی
موبر صورت و بدن,آرایشی و بهداشتی
اسکراب و لایه بردار,آرایشی و بهداشتی
کرم دور چشم,آرایشی و بهداشتی
کش و چسب لیفت,آرایشی و بهداشتی
اتو و برس حرارتی مو,آرایشی و بهداشتی
لاک ناخن,آرایشی و بهداشتی
حجم دهنده,آرایشی و بهداشتی
بادی اسپلش,آرایشی و بهداشتی
رژ لب مایع,آرایشی و بهداشتی
کرم ضد آفتاب,آرایشی و بهداشتی
پاک کننده آرایش و صورت,آرایشی و بهداشتی
مسواک,آرایشی و بهداشتی
ابزار چشم و مژه,آرایشی و بهداشتی
خط چشم و سرمه,آرایشی و بهداشتی
پاک سازی پوست,آرایشی و بهداشتی
ماسک مو,آرایشی و بهداشتی
عطر و ادکلن بچگانه,آرایشی و بهداشتی
ماشین اصلاح,آرایشی و بهداشتی
شانه و برس,آرایشی و بهداشتی
افترشیو,آرایشی و بهداشتی
تقویت کننده مو و ابرو و مژه,آرایشی و بهداشتی
صابون,آرایشی و بهداشتی
روغن های پوست و مو,آرایشی و بهداشتی
کیف و جعبه لوازم آرایش,آرایشی و بهداشتی
تیغ و خود تراش,آرایشی و بهداشتی
کرم مو,آرایشی و بهداشتی
تونر پوست و مو,آرایشی و بهداشتی
استیکر و نگین ناخن,آرایشی و بهداشتی
پرایمر,آرایشی و بهداشتی
تجهیزات رنگ مو,آرایشی و بهداشتی
مداد و خط لب,آرایشی و بهداشتی
پنکک,آرایشی و بهداشتی
فر کننده مو,آرایشی و بهداشتی
رژ گونه,آرایشی و بهداشتی
رژ لب جامد,آرایشی و بهداشتی
کرم روشن کننده,آرایشی و بهداشتی
گوش پاک کن,آرایشی و بهداشتی
آرایش مژه,آرایشی و بهداشتی
ریمل,آرایشی و بهداشتی
ابزار مو,آرایشی و بهداشتی
مداد چشم,آرایشی و بهداشتی
ابزار ابرو,آرایشی و بهداشتی
ید و نوار بهداشتی,آرایشی و بهداشتی
رنگ مو,آرایشی و بهداشتی
عطر و ادکلن زنانه و مردانه,آرایشی و بهداشتی
اسپری و مام,آرایشی و بهداشتی
سایه چشم,آرایشی و بهداشتی
کرم و ژل ضد جوش,آرایشی و بهداشتی
کرم مرطوب کننده,آرایشی و بهداشتی
ناخن مصنوعی,آرایشی و بهداشتی
هایلایتر,آرایشی و بهداشتی
لوسیون,آرایشی و بهداشتی
ابزار مانیکور و پدیکور,آرایشی و بهداشتی
کانتور,آرایشی و بهداشتی
ژل شستشو بهداشتی بانوان,آرایشی و بهداشتی
کرم پودر,آرایشی و بهداشتی
براش و برس و پد,آرایشی و بهداشتی
نخ و خلال دندان,آرایشی و بهداشتی
بهداشت جنسی,آرایشی و بهداشتی
کانسیلر,آرایشی و بهداشتی
رنگ ابرو,آرایشی و بهداشتی
ژل و فوم اصلاح,آرایشی و بهداشتی
عطر جیبی,آرایشی و بهداشتی
آبرسان,آرایشی و بهداشتی
تثبیت کننده آرایش,آرایشی و بهداشتی
خوشبو کننده و دهان شویه,آرایشی و بهداشتی
بالم لب,آرایشی و بهداشتی
لوازم اصلاح بدن,آرایشی و بهداشتی
مراقبت لب,آرایشی و بهداشتی
کلاه گیس و اکستنشن,آرایشی و بهداشتی
سرم و اسپری مو,آرایشی و بهداشتی
کتاب آموزش زبان,فرهنگی اموزشی و سرگرمی
لوازم جانبی موسیقی,فرهنگی اموزشی و سرگرمی
مجلات داخلی,فرهنگی اموزشی و سرگرمی
کتاب های روانشناسی و خودیاری,فرهنگی اموزشی و سرگرمی
دفاع مقدس,فرهنگی اموزشی و سرگرمی
مدیریت مالی و کسب و کار,فرهنگی اموزشی و سرگرمی
نوشت افزار,فرهنگی اموزشی و سرگرمی
مهر و پایه مهر,فرهنگی اموزشی و سرگرمی
کتاب کمک درسی,فرهنگی اموزشی و سرگرمی
نرم افزار حسابداری,فرهنگی اموزشی و سرگرمی
تفنگ اسباب بازی و مبارزه,فرهنگی اموزشی و سرگرمی
کاغذ و مقوا,فرهنگی اموزشی و سرگرمی
اسباب بازی موزیکال,فرهنگی اموزشی و سرگرمی
بازی آموزشی و سرگرمی,فرهنگی اموزشی و سرگرمی
پازل,فرهنگی اموزشی و سرگرمی
نرم افزار مذهبی,فرهنگی اموزشی و سرگرمی
تخته سیاه و وایت برد,فرهنگی اموزشی و سرگرمی
نرم افزار آموزشی,فرهنگی اموزشی و سرگرمی
مجلات خارجی,فرهنگی اموزشی و سرگرمی
تسبیح و صلوات شمار,فرهنگی اموزشی و سرگرمی
دفتر و کلاسور,فرهنگی اموزشی و سرگرمی
نرم افزار امنیتی,فرهنگی اموزشی و سرگرمی
اسباب بازی ربات و گجت,فرهنگی اموزشی و سرگرمی
لوازم دانش آموزی,فرهنگی اموزشی و سرگرمی
عروسک و فیگور,فرهنگی اموزشی و سرگرمی
کتاب های مدیریت و رهبری,فرهنگی اموزشی و سرگرمی
لگو و خانه سازی,فرهنگی اموزشی و سرگرمی
کتاب طنز,فرهنگی اموزشی و سرگرمی
کتاب موسیقی,فرهنگی اموزشی و سرگرمی
کودک و نوجوان,فرهنگی اموزشی و سرگرمی
کتاب های بازاریابی,فرهنگی اموزشی و سرگرمی
کتاب های کنکور,فرهنگی اموزشی و سرگرمی
کتاب صوتی و الکترونیک,فرهنگی اموزشی و سرگرمی
اسباب بازی فضای باز,فرهنگی اموزشی و سرگرمی
ماسک و تنپوش کارتونی,فرهنگی اموزشی و سرگرمی
آیات و ادعیه کارتی,فرهنگی اموزشی و سرگرمی
کتاب های حوزوی,فرهنگی اموزشی و سرگرمی
کتاب‌های مذهبی,فرهنگی اموزشی و سرگرمی
سازهای کوبه ای,فرهنگی اموزشی و سرگرمی
مجموعه یک نرم افزاری,فرهنگی اموزشی و سرگرمی
نرم افزار سیستم عامل,فرهنگی اموزشی و سرگرمی
کتاب های مذهبی,فرهنگی اموزشی و سرگرمی
جانماز و سجاده,فرهنگی اموزشی و سرگرمی
کتاب چاپی,فرهنگی اموزشی و سرگرمی
چسب,فرهنگی اموزشی و سرگرمی
نرم افزار آفیس,فرهنگی اموزشی و سرگرمی
منابع و مراجع,فرهنگی اموزشی و سرگرمی
ادبیات,فرهنگی اموزشی و سرگرمی
اسباب بازی دخترانه,فرهنگی اموزشی و سرگرمی
سازهای زهی و آرشه ای,فرهنگی اموزشی و سرگرمی
اسباب بازی وسایل نقلیه,فرهنگی اموزشی و سرگرمی
بازی های رومیزی,فرهنگی اموزشی و سرگرمی
کتاب‌های روانشناسی و خودیاری,فرهنگی اموزشی و سرگرمی
رمان و داستان,فرهنگی اموزشی و سرگرمی
لوازم مذهبی و عزاداری,فرهنگی اموزشی و سرگرمی
سازهای بادی,فرهنگی اموزشی و سرگرمی
نرم افزارهای گرافیکی,فرهنگی اموزشی و سرگرمی
سازهای کلیددار و الکترونیک,فرهنگی اموزشی و سرگرمی
کتاب دانشگاهی,فرهنگی اموزشی و سرگرمی
لوازم نقاشی,فرهنگی اموزشی و سرگرمی
اسباب بازی نوزاد,فرهنگی اموزشی و سرگرمی
نشانه و استند,خانه و آشپزخانه
سرخ کن و کباب پز,خانه و آشپزخانه
صندلی,خانه و آشپزخانه
آبمیوه گیری و آب مرکبات گیری,خانه و آشپزخانه
ظروف آشپزخانه,خانه و آشپزخانه
لوازم مهمانی,خانه و آشپزخانه
آینه و تابلو,خانه و آشپزخانه
غذای پرندگان,خانه و آشپزخانه
ظروف یکبار مصرف,خانه و آشپزخانه
پارچه,خانه و آشپزخانه
تشک,خانه و آشپزخانه
فلاسک، کلمن و ماگ,خانه و آشپزخانه
لوازم حمام,خانه و آشپزخانه
کولر گازی و آبی,خانه و آشپزخانه
رومیزی و رانر,خانه و آشپزخانه
آینه و تابلـو,خانه و آشپزخانه
جای ساز و قهوه ساز,خانه و آشپزخانه
جاوروش، جاورشازی و بخارشوی,خانه و آشپزخانه
گیاهان آپارتمانی,خانه و آشپزخانه
چرخ خیاطی,خانه و آشپزخانه
ترازو,خانه و آشپزخانه
شلف و استند,خانه و آشپزخانه
لوازم تهیه و سرو چای,خانه و آشپزخانه
پرده و ملزومات پرده,خانه و آشپزخانه
ملحفه و رو بالشی,خانه و آشپزخانه
توستر، آون توستر و ساندویچ ساز,خانه و آشپزخانه
بذر و تخم گیاهان,خانه و آشپزخانه
یخچال و فریزر,خانه و آشپزخانه
سرویس پارچه ای آشپزخانه,خانه و آشپزخانه
خردکن و غذا ساز,خانه و آشپزخانه
بخاری و گرمکن,خانه و آشپزخانه
ماشین ظرفشویی,خانه و آشپزخانه
نظم دهنده لباس,خانه و آشپزخانه
استند و مجسمه,خانه و آشپزخانه
ابزار قنادی,خانه و آشپزخانه
ابزار نظافت,خانه و آشپزخانه
مایکروویو و سولاردوم,خانه و آشپزخانه
شمع,خانه و آشپزخانه
میز,خانه و آشپزخانه
چرخ گوشت برقی و دستی,خانه و آشپزخانه
اجاق گاز و تنور,خانه و آشپزخانه
لوازم پخت و پز,خانه و آشپزخانه
ظروف سرو و پذیرایی,خانه و آشپزخانه
سفره و زیر بشقابی,خانه و آشپزخانه
لامپ، چراغ و مهتابی,خانه و آشپزخانه
ساعت دیواری و دکوری,خانه و آشپزخانه
نظم‌دهنده لباس,خانه و آشپزخانه
گل مصنوعی,خانه و آشپزخانه
خاک، کود و آفت‌کش,خانه و آشپزخانه
اتو و میز اتو,خانه و آشپزخانه
دستمال کاغذی و آشپزخانه,خانه و آشپزخانه
بالش و کوسن,خانه و آشپزخانه
کمد، کتابخانه، بوفه,خانه و آشپزخانه
مجسمه و تندیس,خانه و آشپزخانه
همزن و گوشتکوب برقی,خانه و آشپزخانه
چای ساز و قهوه ساز,خانه و آشپزخانه
ماشین لباسشویی,خانه و آشپزخانه
تخت خواب,خانه و آشپزخانه
مبل,خانه و آشپزخانه
جاکفشی و نظافت کفش,خانه و آشپزخانه
تصفیه آب و آب سرد کن,خانه و آشپزخانه
آرام پز، پلوپز و بخارپز,خانه و آشپزخانه
روتختی و پتو,خانه و آشپزخانه
سایر تجهیزات اداری,کالای دیجیتال
قطعات لپ تاپ,کالای دیجیتال
مونوپاد و گیمبال موبایل,کالای دیجیتال
تابلو LED و لوازم جانبی,کالای دیجیتال
سابووفر و آمپلی فایر,کالای دیجیتال
کتاب خوان و کاغذ دیجیتالی,کالای دیجیتال
منبع تغذیه,کالای دیجیتال
تلفن، فکس و لوازم جانبی,کالای دیجیتال
محافظ موبایل و تبلت,کالای دیجیتال
فایل موبایل,کالای دیجیتال
ید امضا,کالای دیجیتال
پرینتر سه بعدی,کالای دیجیتال
محافظ و نگهدارنده کابل,کالای دیجیتال
دوربین فیلمبرداری,کالای دیجیتال
لوازم جانبی پرینتر، اسکنر و کپی,کالای دیجیتال
کابینت باتری,کالای دیجیتال
اندروید باکس,کالای دیجیتال
دوربین های نظارتی و امنیتی,کالای دیجیتال
جاباتری و شارژر باتری,کالای دیجیتال
لوازم جانبی NAS و سرور,کالای دیجیتال
چند راهی برق و محافظ ولتاژ,کالای دیجیتال
کارت شبکه,کالای دیجیتال
آنتن و تقویت کننده شبکه,کالای دیجیتال
ساندبار,کالای دیجیتال
کیبورد تبلت,کالای دیجیتال
مادربورد,کالای دیجیتال
دوربین ورزشی و گوپرو,کالای دیجیتال
گجت هوشمند و اینترنت اشیا,کالای دیجیتال
پاور کامپیوتر,کالای دیجیتال
اسپیکر، میکروفون و لوازم جانبی,کالای دیجیتال
کی پد گوشی,کالای دیجیتال
باتری تبلت,کالای دیجیتال
میکروسکوپ,کالای دیجیتال
پرینتر,کالای دیجیتال
باتری گوشی موبایل,کالای دیجیتال
تبلت,کالای دیجیتال
کامپیوترهای کوچک (مینی کامپیوتر),کالای دیجیتال
رایزر کارت گرافیک,کالای دیجیتال
ضبط کننده صدا,کالای دیجیتال
رم کامپیوتر و لپ تاپ,کالای دیجیتال
حافظه و ذخیره ساز تحت شبکه,کالای دیجیتال
تاچ و ال سی دی گوشی و تبلت,کالای دیجیتال
لوازم جانبی عکاسی و فیلمبرداری,کالای دیجیتال
شیشه دوربین گوشی و تبلت,کالای دیجیتال
مکان یاب,کالای دیجیتال
سایر لوازم جانبی کنسول,کالای دیجیتال
سرور و کامپیوتر سرور,کالای دیجیتال
صحافی و پرس,کالای دیجیتال
تجهیزات ارتباطات سازمانی,کالای دیجیتال
کیوسک و استند لمسی,کالای دیجیتال
ذخیره سازی مبتنی بر نوار,کالای دیجیتال
گیت ضد سرقت فروشگاهی,کالای دیجیتال
دسته بازی (گیم پد),کالای دیجیتال
مودم,کالای دیجیتال
سیستم نوبت دهی,کالای دیجیتال
ست ماوس و کیبورد,کالای دیجیتال
تجهیزات فیبر نوری,کالای دیجیتال
دوربین عکاسی,کالای دیجیتال
آداپتور شبکه,کالای دیجیتال
درایو نوری,کالای دیجیتال
دانگل بلوتوث,کالای دیجیتال
ست گیمینگ,کالای دیجیتال
لوازم جانبی ساعت هوشمند,کالای دیجیتال
اسکنر اثر انگشت,کالای دیجیتال
سایر قطعات داخلی کامپیوتر,کالای دیجیتال
فرمان ماشین بازی,کالای دیجیتال
سایر لوازم جانبی کامپیوتر و لپ تاپ,کالای دیجیتال
مانیتور و لوازم جانبی,کالای دیجیتال
کیبورد,کالای دیجیتال
آنتن گوشی و تبلت,کالای دیجیتال
دوربین گوشی و تبلت,کالای دیجیتال
ضبط کننده و پکیج سیستم های امنیتی,کالای دیجیتال
کابل و اتصالات گوشی و تبلت,کالای دیجیتال
کارت حافظه,کالای دیجیتال
دیسپنسر و دستگاه ضد عفونی کننده,کالای دیجیتال
سایر قطعات و لوازم یدکی موبایل و تبلت,کالای دیجیتال
توسعه دهنده محدوده بی سیم,کالای دیجیتال
لوازم تعمیرات موبایل تبلت,کالای دیجیتال
CD و DVD خام,کالای دیجیتال
دوربین شکاری و دو چشمی,کالای دیجیتال
دستگاه کپی,کالای دیجیتال
PDA و دیتا کالکتور,کالای دیجیتال
کارت گرافیک,کالای دیجیتال
سینمای خانگی,کالای دیجیتال
ماوس پد,کالای دیجیتال
دانگل کارت شبکه (Wifi),کالای دیجیتال
ماوس,کالای دیجیتال
لوازم جانبی تلویزیون,کالای دیجیتال
جک و کانکتور هدفون,کالای دیجیتال
کاغذ خردکن و لوازم جانبی,کالای دیجیتال
دکمه پاور گوشی و تبلت,کالای دیجیتال
پخش کننده تصویری,کالای دیجیتال
مچ بند هوشمند,کالای دیجیتال
سایر لوازم الکتریکی همراه,کالای دیجیتال
پایه نگهدارنده گوشی و تبلت,کالای دیجیتال
پخش کننده MP3 و MP4,کالای دیجیتال
پچ پنل,کالای دیجیتال
لوازم جانبی پاوربانک,کالای دیجیتال
پاوربانک,کالای دیجیتال
برچسب و کاور کنسول,کالای دیجیتال
رک شبکه و لوازم جانبی,کالای دیجیتال
کنسول بازی,کالای دیجیتال
دزدگیر اماکن و لوازم جانبی,کالای دیجیتال
تلویزیون,کالای دیجیتال
کابل رابط,کالای دیجیتال
ویدیو پروژکتور و تجهیزات ویدیو کنفرانس,کالای دیجیتال
رادیو و گرامافون,کالای دیجیتال
فن و پنکه USB و شارژی,کالای دیجیتال
قاب، شاسی و درب گوشی,کالای دیجیتال
سایر کابل و تبدیل,کالای دیجیتال
ترازو فروشگاهی,کالای دیجیتال
شارژر موبایل و تبلت,کالای دیجیتال
سایر تجهیزات شبکه و ارتباطات,کالای دیجیتال
کارت صدا,کالای دیجیتال
سایر تجهیزات فروشگاهی,کالای دیجیتال
قلم نوری و لوازم جانبی,کالای دیجیتال
ویبره گوشی,کالای دیجیتال
روتر و اکسس پوینت,کالای دیجیتال
فلت گوشی,کالای دیجیتال
وبکم,کالای دیجیتال
برچسب و استیکر موبایل و لپ تاپ,کالای دیجیتال
تلسکوپ,کالای دیجیتال
برد گوشی,کالای دیجیتال
لوازم جانبی کارت خوان و صندوق فروشگاهی,کالای دیجیتال
آی سی گوشی و تبلت,کالای دیجیتال
میکروفن گوشی و تبلت,کالای دیجیتال
باتری,کالای دیجیتال
کیس های اسمبل شده,کالای دیجیتال
لپ تاپ و نوت بوک,کالای دیجیتال
تجهیزات ویپ,کالای دیجیتال
جک و سوکت گوشی و تبلت,کالای دیجیتال
بازر و بلندگو گوشی و تبلت,کالای دیجیتال
آیفون درب بازکن و لوازم جانبی,کالای دیجیتال
رول کاغذ,کالای دیجیتال
هارد و SSD,کالای دیجیتال
هاب سوییچ,کالای دیجیتال
سیم کارت و لوازم جانبی,کالای دیجیتال
تجهیزات RFID,کالای دیجیتال
گیرنده دیجیتال,کالای دیجیتال
خنک کننده و فن,کالای دیجیتال
کیت تمیز کننده,کالای دیجیتال
ماشین حساب,کالای دیجیتال
کابل شبکه,کالای دیجیتال
دامنه و میزبانی وب,کالای دیجیتال
کیف و کاور لپ تاپ,کالای دیجیتال
کامپیوترهای All-in-One,کالای دیجیتال
لوازم جانبی سیستم های نظارتی و امنیتی,کالای دیجیتال
دانگل HDMI,کالای دیجیتال
تجهیزات ماینینگ,کالای دیجیتال
دستگاه کنترل تردد,کالای دیجیتال
قلم لمسی,کالای دیجیتال
اسکنر سه بعدی,کالای دیجیتال
UTM و فایروال,کالای دیجیتال
سایر لوازم جانبی موبایل و تبلت,کالای دیجیتال
پردازنده,کالای دیجیتال
سیستم صوتی خانگی,کالای دیجیتال
مبدل و آداپتور,کالای دیجیتال
تجهیزات اسکناس، چک و خودپرداز,کالای دیجیتال
پلاتر و لوازم جانبی,کالای دیجیتال
سوییچ و اسپلیتر,کالای دیجیتال
تجهیزات بازی موبایل,کالای دیجیتال
گلس تعمیراتی گوشی و تبلت,کالای دیجیتال
کیف و کاور موبایل و تبلت,کالای دیجیتال
تجهیزات استودیویی,کالای دیجیتال
سانترال و لوازم جانبی,کالای دیجیتال
صندوق فروشگاهی,کالای دیجیتال
کارت خوان و رم ریدر,کالای دیجیتال
لوازم جانبی هدفون و هدست,کالای دیجیتال
بازی رایانه و کنسول,کالای دیجیتال
اسکنر,کالای دیجیتال
گام شمار,کالای دیجیتال
بیسیم و لوازم جانبی,کالای دیجیتال
ساعت هوشمند,کالای دیجیتال
ابزار شبکه,کالای دیجیتال
فلش مموری,کالای دیجیتال
پنل خورشیدی و تجهیزات,کالای دیجیتال
بارکد خوان و لوازم جانبی,کالای دیجیتال
ابزار بسته بندی,خدمات کسب و کار
عکاسی,خدمات کسب و کار
طراحی و چاپ عکس,خدمات کسب و کار
خدمات حمل و نقل و اسباب کشی,خدمات کسب و کار
کلوچه و نان شیرینی,مواد غذایی
عسل,مواد غذایی
نوشابه و ماء الشعير,مواد غذایی
آب معدنی,مواد غذایی
بادام هندی,مواد غذایی
سرکه,مواد غذایی
روغن‌های خوراکی,مواد غذایی
آبمیوه و شربت,مواد غذایی
فرآورده های عسل,مواد غذایی
فندق,مواد غذایی
آلو خشک,مواد غذایی
شیرینی,مواد غذایی
تنقلات,مواد غذایی
قهوه,مواد غذایی
گز,مواد غذایی
برنج,مواد غذایی
غلات,مواد غذایی
کشمش ، نخودچی و مویز,مواد غذایی
دمنوش,مواد غذایی
زرشک,مواد غذایی
سوهان,مواد غذایی
آبلیمو,مواد غذایی
ماکارونی پاستا و رشته,مواد غذایی
محصولات کافئین دار,مواد غذایی
چای,مواد غذایی
میوه خشک,مواد غذایی
روغنهای خوراکی,مواد غذایی
زعفران,مواد غذایی
نوشیدنی انرژی زا,مواد غذایی
سویق و پودر جوانه,مواد غذایی
ادویه,مواد غذایی
قند و شکر,مواد غذایی
نبات,مواد غذایی
سنجد,مواد غذایی
بادام درختی,مواد غذایی
بادام زمینی,مواد غذایی
کیک,مواد غذایی
آرد,مواد غذایی
حلوا,مواد غذایی
آجیل,مواد غذایی
نان,مواد غذایی
گردو,مواد غذایی
گرده گل,مواد غذایی
بره موم,مواد غذایی
ترشک و لواشک,مواد غذایی
دسر,مواد غذایی
رب ها,مواد غذایی
شکلات و آبنبات,مواد غذایی
عرقیات,مواد غذایی
حبوبات و سویا,مواد غذایی
سس,مواد غذایی
بسته,مواد غذایی
نشاسته,مواد غذایی
سبزی خشک,مواد غذایی
تخمه,مواد غذایی
خلالها,مواد غذایی
خرما,مواد غذایی
آبغوره,مواد غذایی
پالتو و کاپشن مردانه,مد و پوشاک
ساعت مردانه,مد و پوشاک
ساعت دخترانه,مد و پوشاک
لباس زیر مردانه,مد و پوشاک
کفش و پاپوش نوزادی,مد و پوشاک
جوراب پسرانه,مد و پوشاک
لباس زیر زنانه,مد و پوشاک
ست نوزادی,مد و پوشاک
زیورآلات مردانه,مد و پوشاک
تاپ،تیشرت و شلوارک دخترانه,مد و پوشاک
کیف مردانه,مد و پوشاک
کیف زنانه,مد و پوشاک
جوراب و جوراب شلواری دخترانه,مد و پوشاک
عینک زنانه,مد و پوشاک
سویشرت ، هودی و ژاکت مردانه,مد و پوشاک
تیشرت و پولوشرت مردانه,مد و پوشاک
کت و ست رسمی زنانه,مد و پوشاک
کفش و دمپایی زنانه,مد و پوشاک
بلوز،پیراهن و سارافون دخترانه,مد و پوشاک
شلوار،شلوارک و سرهمی پسرانه,مد و پوشاک
تاپ و تیشرت زنانه,مد و پوشاک
بلوز، پیراهن و تیشرت پسرانه,مد و پوشاک
لباس زیر نوزاد,مد و پوشاک
بلوز و پیراهن مردانه,مد و پوشاک
زیورآلات دخترانه,مد و پوشاک
کلاه شالگردن و دستکش دخترانه,مد و پوشاک
لباس بارداری,مد و پوشاک
شال و روسری زنانه,مد و پوشاک
بلوز، پیراهن و شومیز زنانه,مد و پوشاک
بلوز،پیراهن نوزادی,مد و پوشاک
شلوار و سرهمی زنانه,مد و پوشاک
اکسسوری و ساعت پسرانه,مد و پوشاک
پالتو و کاپشن دخترانه,مد و پوشاک
کلاه، شالگردن و دستکش زنانه,مد و پوشاک
لباس زیر دخترانه,مد و پوشاک
بلوز،پیراهن و تیشرت پسرانه,مد و پوشاک
اکسسوری دخترانه,مد و پوشاک
بلوز، پیراهن و سارافون دخترانه,مد و پوشاک
لباس ست دخترانه,مد و پوشاک
پالتو بارانی و کاپشن زنانه,مد و پوشاک
جوراب، ساق و ساپورت زنانه,مد و پوشاک
چادر و پوشش اسلامی,مد و پوشاک
شال و روسری دخترانه,مد و پوشاک
عینک مردانه,مد و پوشاک
دامن زنانه,مد و پوشاک
شلوار و شلوارک مردانه,مد و پوشاک
کفش و دمپایی پسرانه,مد و پوشاک
لباس ست پسرانه,مد و پوشاک
بلوز،پیراهن و شومیز زنانه,مد و پوشاک
کیف دخترانه,مد و پوشاک
کفش، دمپایی مردانه,مد و پوشاک
دامن دخترانه,مد و پوشاک
جوراب ساق و ساپورت زنانه,مد و پوشاک
مانتو و تونیک,مد و پوشاک
سویشرت هودی و ژاکت زنانه,مد و پوشاک
سویشرت هودی و ژاکت دخترانه,مد و پوشاک
کلاه شالگردن و دستکش پسرانه,مد و پوشاک
جوراب مردانه,مد و پوشاک
کفش دمپایی مردانه,مد و پوشاک
کفش و دمپایی دخترانه,مد و پوشاک
ساعت زنانه,مد و پوشاک
زیورآلات زنانه,مد و پوشاک
اکسسوری زنانه,مد و پوشاک
اکسسوری نوزادی,مد و پوشاک
سویشرت هودی و ژاکت پسرانه,مد و پوشاک
لباس راحتی مردانه,مد و پوشاک
کت و شلوار و جلیقه مردانه,مد و پوشاک
لباس راحتی و خواب زنانه,مد و پوشاک
کاپشن ، کت و جلیقه پسرانه,مد و پوشاک
شلوار و سرهمی دخترانه,مد و پوشاک
لباس زیر پسرانه,مد و پوشاک
کیف پسرانه,مد و پوشاک
کلاه شالگردن و دستکش مردانه,مد و پوشاک
شلوار و سرهمی نوزادی,مد و پوشاک
دستگاه بخور,سلامت درمان و طب
روغن های درمانی,سلامت درمان و طب
لوازم خواب طبی,سلامت درمان و طب
داروهای گیاهی,سلامت درمان و طب
ماساژور,سلامت درمان و طب
ابزارهای پزشکی,سلامت درمان و طب
کیسه آب گرم و سرد,سلامت درمان و طب
لوازم شخصی کودک,سلامت درمان و طب
ماسک و شیلد صورت,سلامت درمان و طب
بهداشت و حمام کودک,سلامت درمان و طب
کمک های اولیه,سلامت درمان و طب
ابزار توانبخشی,سلامت درمان و طب
گیاهان دارویی,سلامت درمان و طب
محافظ طبی,سلامت درمان و طب
لوازم گردش و سفر کودک,سلامت درمان و طب
غذاخوری کودک,سلامت درمان و طب
سوخت روی چوب,صنایع دستی
مجسمه,صنایع دستی
لوازم شمع سازی,صنایع دستی
قلم کاری,صنایع دستی
محصولات حصیری,صنایع دستی
دکوراتیو سفالی و سرامیکی,صنایع دستی
محصولات برنجی,صنایع دستی
محصولات بافتنی,صنایع دستی
سنگ های قیمتی,صنایع دستی
گلدوزی,صنایع دستی
ظروف مسی,صنایع دستی
محصولات ویترای,صنایع دستی
کارت پستال,صنایع دستی
ظروف پخت و پز مسی,صنایع دستی
گیفت,صنایع دستی
منبت کاری,صنایع دستی
لوازم خیاطی,صنایع دستی
کفش چرم دست دوز,صنایع دستی
جعبه هدیه,صنایع دستی
منجوق بافی,صنایع دستی
شماره دوزی,صنایع دستی
میلیله کاری,صنایع دستی
ابزار گلدوزی,صنایع دستی
قاب دست ساز,صنایع دستی
دکوراتیو مسی,صنایع دستی
محصولات خراطی,صنایع دستی
ملیله دوزی,صنایع دستی
حکاکی و نقاشی روی سنگ,صنایع دستی
ترمه,صنایع دستی
سوزن دوزی,صنایع دستی
کیف چرم دست دوز,صنایع دستی
نگارگری,صنایع دستی
محصولات قلم زنی,صنایع دستی
لوازم رزین و ویترای,صنایع دستی
ابزار بافتنی,صنایع دستی
ظروف سرامیکی,صنایع دستی
محصولات شیشه گری,صنایع دستی
ابزار چرم دوزی,صنایع دستی
ابزار شماره دوزی,صنایع دستی
محصولات رزینی,صنایع دستی
معرق کاری,صنایع دستی
کاشی و سرامیک,صنایع دستی
ابزار مینا کاری,صنایع دستی
اکسسوری چرم دست دوز,صنایع دستی
مینا کاری,صنایع دستی
خاتم کاری,صنایع دستی
کاغذ و پاکت کادو,صنایع دستی
محصولات برنزی,صنایع دستی
نقاشی و تابلو,صنایع دستی
خوشنویسی,صنایع دستی
محصولات استخوانی,صنایع دستی
فیروزه کوبی,صنایع دستی
مکرومه بافی,صنایع دستی
میز و صندلی مسافرتی,ورزش و سفر
کیف و کوله ورزشی,ورزش و سفر
چمدان,ورزش و سفر
تجهیزات ورزش های آبی,ورزش و سفر
تجهیزات کمپینگ و کوهنوردی,ورزش و سفر
دستگاه های ورزشی,ورزش و سفر
تجهیزات کفش,ورزش و سفر
دوچرخه و تجهیزات دوچرخه,ورزش و سفر
تجهیزات هوازی و تناسب اندام,ورزش و سفر
لباس ورزشی مردانه و پسرانه,ورزش و سفر
کالای خواب مسافرتی,ورزش و سفر
لباس ورزشی زنانه و دخترانه,ورزش و سفر
تجهیزات ورزش های توپی,ورزش و سفر
تجهیزات پخت و پز مسافرتی,ورزش و سفر
اکسسوری ورزشی,ورزش و سفر
ساک,ورزش و سفر
مکمل ورزشی,ورزش و سفر
لوازم بهداشتی مسافرتی,ورزش و سفر
کفش ورزشی,ورزش و سفر
مربا,مواد غذایی
دوغ,مواد غذایی
خیارشور و شور,مواد غذایی
ارده,خانه و آشپزخانه
پسته,مواد غذایی
میوه تازه,مواد غذایی
آماده طبخ,مواد غذایی
شیره,مواد غذایی
تخم سایر طیور,مواد غذایی
ماکارونی، پاستا و رشته,مواد غذایی
پنیر,مواد غذایی
زیتون,مواد غذایی
گوشت قرمز,مواد غذایی
کنجد,مواد غذایی
کره مغز ها,مواد غذایی
شیر,مواد غذایی
گوشت آبزیان,مواد غذایی
گوشت مرغ و طیور,مواد غذایی
کشک و قره قوروت,مواد غذایی
نوشابه و ماء الشعیر,مواد غذایی
پنیر پخت و پزسوسیس و کالباس,مواد غذایی
ماست,مواد غذایی
حلوا ارده و شکری,مواد غذایی
کره,مواد غذایی
کمپوت,مواد غذایی
غذای کودک,مواد غذایی
طبخ شده,مواد غذایی
خامه و سرشیر,مواد غذایی
سویشرت، هودی و ژاکت زنانه,مد و پوشاک
کلاه، شالگردن و دستکش مردانه,مد و پوشاک
سویشرت، هودی و ژاکت پسرانه,مد و پوشاک
شلوار، شلوارک و سرهمی پسرانه,مد و پوشاک
بلوز، پیراهن نوزادی,مد و پوشاک
پالتو، بارانی و کاپشن زنانه,مد و پوشاک
تاپ، تیشرت و شلوارک دخترانه,مد و پوشاک
اکسسوری مردانه,مد و پوشاک
کلاه، شالگردن و دستکش دخترانه,مد و پوشاک
کلاه، شالگردن و دستکش پسرانه,مد و پوشاک
سویشرت، هودی و ژاکت دخترانه,مد و پوشاک
شوینده ظروف,خانه و آشپزخانه
لوازم دستشویی,خانه و آشپزخانه
ملزومات فرش و موکت,خانه و آشپزخانه
خاک، کود و آفت کش,خانه و آشپزخانه
خواب و قفس حیوانات,خانه و آشپزخانه
غذای ماهی و میگو,خانه و آشپزخانه
جاروبرقی، جاروشارژی و بخارشوی,خانه و آشپزخانه
تابلو فرش,خانه و آشپزخانه
ریسه,خانه و آشپزخانه
همزن و گوشکوب برقی,خانه و آشپزخانه
تجهیزات آبزیان,خانه و آشپزخانه
آباژور,خانه و آشپزخانه
قاشق، چنگال و کارد,خانه و آشپزخانه
لوستر,خانه و آشپزخانه
پادری، روفرشی و پشتی,خانه و آشپزخانه
گلدان,خانه و آشپزخانه
چراغ خواب,خانه و آشپزخانه
جاجیم و گبه,خانه و آشپزخانه
ملحفه و روبالشی,خانه و آشپزخانه
سطل، سبد و آبکش,خانه و آشپزخانه
حوله و کلاه حمام,خانه و آشپزخانه
پنکه,خانه و آشپزخانه
پارچ، لیوان و بطری,خانه و آشپزخانه
میوه خشک کن,خانه و آشپزخانه
اسباب بازی و اکسسوری حیوانات,خانه و آشپزخانه
شوینده لباس,خانه و آشپزخانه
شستشو و مراقبت حیوانات,خانه و آشپزخانه
خوشبوکننده و عود,خانه و آشپزخانه
غذای سگ,خانه و آشپزخانه
تجهیزات جانبی نور و روشنایی,خانه و آشپزخانه
فرش ماشینی,خانه و آشپزخانه
گلیم و قالیچه,خانه و آشپزخانه
مایع دستشویی,خانه و آشپزخانه
چراغ مطالعه,خانه و آشپزخانه
باکس گل و هدیه,خانه و آشپزخانه
شوینده سطوح,خانه و آشپزخانه
موکت,خانه و آشپزخانه
فرش مدرن,خانه و آشپزخانه
غذای گربه,خانه و آشپزخانه
خردکن و غذاساز,خانه و آشپزخانه
استیکر و مگنت,خانه و آشپزخانه
ظروف سفالی,خانه و آشپزخانه
ترشی,مواد غذایی
خلال‌ها,مواد غذایی
پنیر پخت و پز,مواد غذایی
کنسرو,مواد غذایی
سوسیس و کالباس,صنایع دستی
تریکو بافی,صنایع دستی
ملیله کاری,صنایع دستی
تذهیب,سلامت درمان و طب
ابزار های پزشکی,سلامت درمان و طب
روغن‌های پوست و مو,سلامت درمان و طب
پد و نوار بهداشتی,آرایشی و بهداشتی
ساز های زهی و آرشه ای,فرهنگی اموزشی و سرگرمی
لوازم اداری,فرهنگی اموزشی و سرگرمی
ساز های بادی,فرهنگی اموزشی و سرگرمی
ساز های کوبه ای,فرهنگی اموزشی و سرگرمی
ساز های کلیددار و الکترونیک,فرهنگی اموزشی و سرگرمی
مجموعه پک نرم افزاری,فرهنگی اموزشی و سرگرمی
هدفون، هدست و هندزفری,کالای دیجیتال
دوربین‌های نظارتی و امنیتی,کالای دیجیتال
خنک‌ کننده و فن,کالای دیجیتال
لوازم جانبی سیستم‌های نظارتی و امنیتی,کالای دیجیتال
آیفون (درب بازکن) و لوازم جانبی,کالای دیجیتال
لوازم تعمیرات موبایل، تبلت,کالای دیجیتال
گوشی موبایل,کالای دیجیتال
ماشین‌ حساب,کالای دیجیتال
سایر تجهیزات ذخیره‌سازی اطلاعات,کالای دیجیتال
پخش‌کننده MP3 و MP4,کالای دیجیتال
کوئل، شمع و وایر شمع,ابزارآلات و تجهیزات خودرو
شیرآلات,ابزارآلات و تجهیزات خودرو
باتری، دینام و استارت,ابزارآلات و تجهیزات خودرو
جک خودرو,ابزارآلات و تجهیزات خودرو
کابینت,ابزارآلات و تجهیزات خودرو
سوهان، سنباده و سنبه,ابزارآلات و تجهیزات خودرو
قیچی‌، چاقو و ابزار باغبانی,ابزارآلات و تجهیزات خودرو
تبر، بیل و کلنگ,ابزارآلات و تجهیزات خودرو
ضدیخ و آب رادیاتور,ابزارآلات و تجهیزات خودرو
طلق موتور,ابزارآلات و تجهیزات خودرو
پلوس، سرپلوس و مشعلی,خانه و آشپزخانه
دستگاه تقطیر و گلاب گیر,خانه و آشپزخانه
ضد عفونی کننده,خانه و آشپزخانه
فرش دستباف,خانه و آشپزخانه
آرام پز، بخارپز و پلوپز,خانه و آشپزخانه
بخاری و گرمایشی,خانه و آشپزخانه
مایکروفر و سولاردوم,فرهنگی اموزشی و سرگرمی
ترجمه,کالای دیجیتال
کیس کامپیوتر,کالای دیجیتال
روتر و اکسس‌ پوینت,کالای دیجیتال
حافظه و ذخیره‌ساز تحت شبکه,کالای دیجیتال
کارت خوان و صندوق فروشگاهی,کالای دیجیتال
ضبط کننده و پکیج سیستم‌های امنیتی,کالای دیجیتال
ضبط‌کننده صدا,کالای دیجیتال
کارت هدیه الکترونیکی,کالای دیجیتال
همبرگر و کباب لقمه,مواد غذایی
تخم مرغ,مواد غذایی
سنسور اثر انگشت گوشی,کالای دیجیتال
مرصع کاری,فرهنگی اموزشی و سرگرمی
هاب USB,کالای دیجیتال
دیسپنسر و دستگاه ضدعفونی کننده,سلامت، درمان و طب
